Points_0,Points_1,Points_2,U_0,U_1,U_2
0.0222702,0.0192328,-0.00771923,0.104682,0.043164,0.0814991
0.0222652,0.0197387,-0.00771923,0.0844987,0.0304022,0.0859576
0.0227915,0.0192581,-0.00771923,0.0914438,0.0340629,0.0823663
0.0217644,0.0197388,-0.00771923,0.095713,0.0408268,0.0845368
0.0187227,0.0207012,-0.00771923,0.0419814,0.0764754,0.105318
0.0182317,0.0207014,-0.00771923,0.0245372,0.0810976,0.108997
0.0192173,0.0207048,-0.00771923,0.0557955,0.0684931,0.101742
0.0197222,0.0207286,-0.00771923,0.064416,0.0556398,0.0975365
0.0202618,0.0202488,-0.00771923,0.0851976,0.0570533,0.0924442
0.0207589,0.0202438,-0.00771923,0.086721,0.0457458,0.0903332
0.0212544,0.0202385,-0.00771923,0.0800821,0.0342408,0.0892121
0.0212601,0.0197301,-0.00771923,0.100321,0.0473547,0.0848771
0.0177409,0.020701,-0.00771923,0.0055474,0.0815451,0.11091
0.0172466,0.0207046,-0.00771923,-0.0142235,0.0753979,0.106126
0.0247933,0.0162154,-0.00771923,0.139344,0.0951314,0.0729664
0.024805,0.0167245,-0.00771923,0.116208,0.0788893,0.0736996
0.0253136,0.0162121,-0.00771923,0.104568,0.0844255,0.0788388
0.0248049,0.0172278,-0.00771923,0.0846462,0.0564003,0.0780402
0.0242926,0.0172251,-0.00771923,0.110373,0.0583664,0.0718773
0.0243178,0.0177473,-0.00771923,0.0873938,0.043606,0.0744515
0.023797,0.0177372,-0.00771923,0.110095,0.0493282,0.0755514
0.0238242,0.0182657,-0.00771923,0.0902152,0.0346621,0.0774435
0.0232968,0.0182443,-0.00771923,0.10979,0.0441167,0.0783892
0.0233154,0.0187696,-0.00771923,0.095799,0.033942,0.079994
0.0253036,0.0157052,-0.00771923,0.12753,0.0991498,0.0748972
0.0252836,0.0151954,-0.00771923,0.138019,0.103786,0.0744319
0.0257848,0.0151674,-0.00771923,0.0979198,0.0826496,0.08213
0.0257741,0.0146661,-0.00771923,0.100343,0.0836537,0.0802147
0.025782,0.0141708,-0.00771923,0.0951608,0.0770859,0.0812657
0.0257925,0.0136759,-0.00771923,0.0904888,0.0706499,0.082886
0.0257985,0.0131806,-0.00771923,0.0890949,0.0624148,0.0857236
0.0258085,0.0111841,-0.00771923,0.100154,0.00980536,0.0929267
0.0257908,0.0116904,-0.00771923,0.100034,0.0254378,0.0955923
0.0257928,0.0121886,-0.00771923,0.0964073,0.0410631,0.0930185
0.0257979,0.0126849,-0.00771923,0.0908209,0.0529751,0.0889912
0.0252972,0.0111586,-0.00771923,0.132493,0.00773968,0.0991667
0.0253152,0.0106485,-0.00771923,0.123787,-0.0131833,0.0946509
0.022304,0.00658287,-0.00771923,0.0674523,-0.129595,0.066557
0.0228002,0.00710244,-0.00771923,0.0783321,-0.131484,0.0660901
0.0217794,0.0066157,-0.00771923,0.0760203,-0.163145,0.0653472
0.0217736,0.00610402,-0.00771923,0.0571855,-0.12156,0.0706427
0.0177339,0.00516595,-0.00771923,0.0337525,-0.132144,0.0876932
0.0182319,0.0051911,-0.00771923,0.0405844,-0.13848,0.0847374
0.0207436,0.00562974,-0.00771923,0.0524468,-0.124902,0.0737827
0.0212655,0.00611627,-0.00771923,0.0650101,-0.149908,0.0645233
0.0202487,0.00563626,-0.00771923,0.0584969,-0.144856,0.0706331
0.0197567,0.00562432,-0.00771923,0.0597912,-0.155757,0.0710471
0.0192584,0.00562387,-0.00771923,0.059474,-0.166485,0.0712425
0.01873,0.00516586,-0.00771923,0.0449508,-0.126514,0.0834986
0.0172063,0.00562397,-0.00771923,0.0175531,-0.172128,0.0836998
0.0177174,0.0056485,-0.00771923,0.0301856,-0.182154,0.08265
0.0106832,0.0141708,-0.00771923,-0.108807,0.0478226,0.0771047
0.0106727,0.013676,-0.00771923,-0.104533,0.0482732,0.0766164
0.0116603,0.0167245,-0.00771923,-0.134502,0.0561927,0.0723933
0.0111516,0.0162121,-0.00771923,-0.119276,0.0549619,0.0791681
0.0116604,0.0172278,-0.00771923,-0.101031,0.0407174,0.0755765
0.0111616,0.0157051,-0.00771923,-0.143032,0.0643818,0.0759223
0.0106804,0.0151673,-0.00771923,-0.112848,0.0485458,0.0813108
0.0106912,0.0146661,-0.00771923,-0.115664,0.0502348,0.0782351
0.0106667,0.0131807,-0.00771923,-0.107669,0.0505594,0.0769175
0.0106673,0.012685,-0.00771923,-0.115311,0.0518848,0.0770276
0.012685,0.00813775,-0.00771923,-0.125724,-0.0380266,0.105548
0.0126782,0.0076298,-0.00771923,-0.101877,-0.043062,0.0962932
0.0121715,0.00812955,-0.00771923,-0.107165,-0.0191832,0.0950368
0.013171,0.00711755,-0.00771923,-0.083096,-0.0631982,0.104339
0.013665,0.00710245,-0.00771923,-0.0848485,-0.0951984,0.112853
0.0106567,0.0111843,-0.00771923,-0.124481,0.0491078,0.0792715
0.01115,0.0106486,-0.00771923,-0.152673,0.0382796,0.0783451
0.0111596,0.010151,-0.00771923,-0.139492,0.0332748,0.0814682
0.0111656,0.00965464,-0.00771923,-0.119803,0.0277898,0.0835211
0.0121583,0.00862378,-0.00771923,-0.130331,-0.0120609,0.0999037
0.0121685,0.0091322,-0.00771923,-0.152547,0.00354174,0.0961941
0.0116422,0.00912618,-0.00771923,-0.128018,0.0115081,0.0885516
0.0116696,0.00964438,-0.00771923,-0.150535,0.0196227,0.0848619
0.0106724,0.0121887,-0.00771923,-0.123907,0.0519762,0.0769654
0.0106744,0.0116905,-0.00771923,-0.127971,0.0505812,0.0772062
0.0162162,0.00563636,-0.00771923,0.0027722,-0.149046,0.0844241
0.016708,0.00562443,-0.00771923,0.00977245,-0.160279,0.0846088
0.0151997,0.0061163,-0.00771923,-0.0253721,-0.141345,0.0910113
0.0157214,0.00562982,-0.00771923,-0.00341961,-0.127005,0.0863076
0.0141611,0.00658288,-0.00771923,-0.0590427,-0.112986,0.100936
0.0146858,0.00661571,-0.00771923,-0.0526849,-0.143187,0.10522
0.0146915,0.00610404,-0.00771923,-0.0334167,-0.114176,0.0936434
0.0121474,0.0177472,-0.00771923,-0.094864,0.0296924,0.0718241
0.0227863,0.0187413,-0.00771923,0.11412,0.0483967,0.0809812
0.0242967,0.00913215,-0.00771923,0.130043,-0.08259,0.100854
0.024823,0.00912611,-0.00771923,0.108554,-0.0616488,0.0877585
0.0243069,0.00862374,-0.00771923,0.106212,-0.0905808,0.0830984
0.0242937,0.00812951,-0.00771923,0.0798245,-0.0824937,0.0745373
0.023787,0.00762978,-0.00771923,0.080985,-0.101506,0.0703827
0.0232942,0.00711754,-0.00771923,0.0649156,-0.0996381,0.0680118
0.0136737,0.0192581,-0.00771923,-0.0490275,0.0186038,0.0886468
0.0131498,0.0187696,-0.00771923,-0.0606956,0.0177374,0.0850172
0.012641,0.0182657,-0.00771923,-0.0755745,0.0186839,0.0776825
0.0253056,0.0101509,-0.00771923,0.115315,-0.0272374,0.0915725
0.0252996,0.00965454,-0.00771923,0.102651,-0.0369038,0.0872874
0.0157061,0.0202437,-0.00771923,-0.0536628,0.0462437,0.0921007
0.0152106,0.0202384,-0.00771923,-0.0436197,0.0342486,0.0904235
0.0162031,0.0202487,-0.00771923,-0.0492748,0.0641886,0.0996965
0.0167419,0.0207284,-0.00771923,-0.0280409,0.0637233,0.100457
0.0147007,0.0197388,-0.00771923,-0.0512187,0.0306518,0.0893457
0.0141999,0.0197387,-0.00771923,-0.0408617,0.0225459,0.092309
0.0152256,0.00867211,-0.00771923,-0.111973,-0.139197,0.190895
0.014723,0.00866928,-0.00771923,-0.132235,-0.115226,0.178203
0.0152286,0.00917559,-0.00771923,-0.130947,-0.115934,0.207049
0.0147269,0.00917402,-0.00771923,-0.155243,-0.0939956,0.19044
0.0152176,0.00766326,-0.00771923,-0.0743077,-0.173712,0.149045
0.0147082,0.00765312,-0.00771923,-0.0882802,-0.148645,0.146189
0.0152216,0.00816768,-0.00771923,-0.0935681,-0.158724,0.171856
0.0147168,0.00816213,-0.00771923,-0.109966,-0.133354,0.163432
0.0212476,0.00766326,-0.00771923,0.0968682,-0.216211,0.0957613
0.0207411,0.00767025,-0.00771923,0.0931664,-0.229079,0.0997583
0.0212436,0.00816768,-0.00771923,0.104977,-0.212348,0.119156
0.0207393,0.00817253,-0.00771923,0.0990715,-0.223851,0.124123
0.0132141,0.00966578,-0.00771923,-0.198359,-0.0113423,0.114754
0.0127048,0.00965888,-0.00771923,-0.188976,0.00332608,0.102514
0.0132187,0.0101698,-0.00771923,-0.215158,7.71086e-05,0.113075
0.0127124,0.0101663,-0.00771923,-0.20649,0.0136323,0.0994368
0.0182325,0.0196843,-0.00771923,0.0394753,0.116523,0.129858
0.0187356,0.0196867,-0.00771923,0.0656127,0.110565,0.118718
0.0182326,0.019184,-0.00771923,0.0449488,0.127693,0.137343
0.018736,0.0191857,-0.00771923,0.0747921,0.122328,0.122425
0.0182322,0.020191,-0.00771923,0.0321846,0.100739,0.118314
0.0187315,0.0201931,-0.00771923,0.0539241,0.0951545,0.111147
0.0192354,0.0202024,-0.00771923,0.0693518,0.0851465,0.104956
0.0197498,0.0202274,-0.00771923,0.0809009,0.0711803,0.0975647
0.02125,0.0192087,-0.00771923,0.120083,0.0597487,0.0816553
0.0217548,0.0192167,-0.00771923,0.116428,0.0534512,0.0826429
0.0177291,0.0191857,-0.00771923,0.010455,0.1229,0.144959
0.0177293,0.0196867,-0.00771923,0.0100301,0.112889,0.135308
0.017733,0.020193,-0.00771923,0.00823,0.0995248,0.12197
0.0172292,0.0202023,-0.00771923,-0.0160017,0.0938475,0.11758
0.0202529,0.0197149,-0.00771923,0.102921,0.0692399,0.0933478
0.0207533,0.0197194,-0.00771923,0.105137,0.0583918,0.0892113
0.0207465,0.0192034,-0.00771923,0.122445,0.0707315,0.0838169
0.0202457,0.0192,-0.00771923,0.118764,0.0818898,0.0879775
0.0222631,0.0187151,-0.00771923,0.124804,0.0562225,0.0806865
0.0237709,0.0172136,-0.00771923,0.128266,0.0611796,0.0762603
0.0227695,0.0182203,-0.00771923,0.128348,0.0594651,0.0801986
0.0222545,0.0182038,-0.00771923,0.138714,0.0703882,0.0770858
0.0222474,0.017695,-0.00771923,0.150878,0.0849318,0.074629
0.0227571,0.0177044,-0.00771923,0.141081,0.0698652,0.0795824
0.0232739,0.0177178,-0.00771923,0.124126,0.0533854,0.07901
0.0232577,0.0172029,-0.00771923,0.138497,0.064004,0.0773414
0.022748,0.0171949,-0.00771923,0.150992,0.0788486,0.0763514
0.0222432,0.0171905,-0.00771923,0.16015,0.0953239,0.071491
0.0222396,0.0166867,-0.00771923,0.172459,0.106663,0.0698234
0.0227424,0.0166889,-0.00771923,0.163168,0.0914614,0.0729479
0.0232483,0.0166932,-0.00771923,0.154381,0.078703,0.0756249
0.0247756,0.0157027,-0.00771923,0.156792,0.106967,0.0763379
0.0247639,0.0151971,-0.00771923,0.166269,0.113954,0.077039
0.0242757,0.0167082,-0.00771923,0.133117,0.0745878,0.0740099
0.0242665,0.0162017,-0.00771923,0.153615,0.0922753,0.0739174
0.0242588,0.015696,-0.00771923,0.171677,0.106442,0.0745152
0.0242531,0.0151931,-0.00771923,0.183365,0.115341,0.0740455
0.0237445,0.015188,-0.00771923,0.198805,0.118641,0.0723042
0.0237418,0.0146864,-0.00771923,0.207283,0.125157,0.0733464
0.0242475,0.01469,-0.00771923,0.18921,0.120614,0.0745572
0.0237469,0.0156895,-0.00771923,0.183633,0.107518,0.072649
0.023751,0.0161932,-0.00771923,0.16599,0.0925077,0.0742122
0.0237579,0.0166996,-0.00771923,0.147786,0.0765874,0.0767201
0.0232442,0.0161892,-0.00771923,0.170968,0.0946597,0.0718797
0.0227398,0.0161861,-0.00771923,0.178529,0.104625,0.0696341
0.0222356,0.0156826,-0.00771923,0.204936,0.126366,0.0719703
0.0227378,0.0156841,-0.00771923,0.197947,0.117914,0.0697078
0.0222345,0.0151815,-0.00771923,0.222777,0.132877,0.0782894
0.0227362,0.0151827,-0.00771923,0.216691,0.127605,0.072358
0.0222371,0.0161841,-0.00771923,0.187076,0.11666,0.0688897
0.0232411,0.0156863,-0.00771923,0.190279,0.110093,0.0703169
0.0232391,0.0151845,-0.00771923,0.208738,0.122016,0.0711549
0.0232376,0.0146835,-0.00771923,0.220276,0.12932,0.0736809
0.0232364,0.0141825,-0.00771923,0.224696,0.131686,0.0780235
0.0237393,0.0141845,-0.00771923,0.209028,0.126968,0.0752354
0.0242428,0.0141864,-0.00771923,0.187819,0.121326,0.0752718
0.0247536,0.014691,-0.00771923,0.169582,0.117279,0.0779402
0.024747,0.0141859,-0.00771923,0.165651,0.115546,0.0788475
0.0252647,0.014684,-0.00771923,0.139115,0.104895,0.0762969
0.0252604,0.0141805,-0.00771923,0.13374,0.100856,0.0776196
0.0252617,0.0136797,-0.00771923,0.128079,0.0948332,0.0798321
0.0247443,0.0136823,-0.00771923,0.161063,0.111331,0.0815478
0.0242399,0.0136829,-0.00771923,0.184376,0.118812,0.0782933
0.0237375,0.0136821,-0.00771923,0.207344,0.125069,0.0804124
0.024239,0.0131797,-0.00771923,0.179463,0.110447,0.0841066
0.0247439,0.0131797,-0.00771923,0.156254,0.101763,0.0864823
0.0252635,0.01318,-0.00771923,0.124564,0.0848714,0.0840515
0.0222901,0.0071131,-0.00771923,0.0837825,-0.15806,0.068219
0.0217683,0.00713733,-0.00771923,0.0859784,-0.182993,0.0728781
0.0252645,0.0126799,-0.00771923,0.124032,0.0715088,0.090016
0.0252665,0.0121781,-0.00771923,0.12797,0.0532567,0.0978548
0.0247457,0.0126769,-0.00771923,0.153829,0.0876087,0.0942453
0.0247501,0.0121726,-0.00771923,0.154806,0.0654592,0.105408
0.0242406,0.0126763,-0.00771923,0.176367,0.0968603,0.0931983
0.0242444,0.0121725,-0.00771923,0.175094,0.0738279,0.107545
0.0247586,0.0116666,-0.00771923,0.152062,0.0391157,0.112264
0.0242498,0.0116686,-0.00771923,0.170427,0.0452195,0.118071
0.020741,0.0186925,-0.00771923,0.140952,0.0923063,0.0802139
0.0212441,0.018696,-0.00771923,0.139666,0.0804603,0.0783488
0.0207385,0.0181876,-0.00771923,0.155782,0.110415,0.0772149
0.0212413,0.0181905,-0.00771923,0.153638,0.0967785,0.0738502
0.0217498,0.0187024,-0.00771923,0.136143,0.0698312,0.0803639
0.021745,0.0181944,-0.00771923,0.148752,0.0842626,0.0755337
0.0217413,0.0176893,-0.00771923,0.159581,0.0999914,0.0718375
0.0212386,0.0176867,-0.00771923,0.166587,0.114097,0.0719193
0.0212367,0.0171842,-0.00771923,0.177705,0.127436,0.0715851
0.0217393,0.0171867,-0.00771923,0.169569,0.111851,0.069496
0.0207352,0.0171828,-0.00771923,0.180676,0.142367,0.0820276
0.0207366,0.0176847,-0.00771923,0.169506,0.129017,0.0784646
0.0202352,0.0176832,-0.00771923,0.164849,0.141679,0.0912524
0.0202368,0.0181856,-0.00771923,0.15194,0.123023,0.0858581
0.0217336,0.0151808,-0.00771923,0.226441,0.138433,0.0938082
0.0217344,0.0156815,-0.00771923,0.211157,0.136191,0.0823143
0.0217355,0.0161827,-0.00771923,0.195092,0.129688,0.0741813
0.0217372,0.0166845,-0.00771923,0.182042,0.122322,0.0708639
0.0212353,0.0166827,-0.00771923,0.188979,0.1373,0.0763531
0.0212343,0.0161816,-0.00771923,0.200373,0.142538,0.0855233
0.0212335,0.0156808,-0.00771923,0.212466,0.145325,0.0996271
0.0212331,0.0151804,-0.00771923,0.223591,0.143044,0.11882
0.0227352,0.0146818,-0.00771923,0.229247,0.133528,0.0771545
0.0222339,0.0146809,-0.00771923,0.234106,0.13597,0.0863683
0.0222335,0.0141805,-0.00771923,0.239636,0.136645,0.0980438
0.0227345,0.0141812,-0.00771923,0.235087,0.135498,0.0849718
0.0222333,0.0136802,-0.00771923,0.237174,0.132782,0.11311
0.0227342,0.0136805,-0.00771923,0.233947,0.132417,0.0967075
0.0232355,0.0136812,-0.00771923,0.22393,0.129467,0.0863267
0.0232353,0.0131798,-0.00771923,0.220556,0.119684,0.0993823
0.0237369,0.0131797,-0.00771923,0.203164,0.116385,0.0890049
0.022734,0.0131798,-0.00771923,0.229617,0.120619,0.11583
0.0222332,0.0131799,-0.00771923,0.229589,0.118674,0.138981
0.0232357,0.0126783,-0.00771923,0.216503,0.104252,0.114103
0.0227343,0.0126791,-0.00771923,0.223731,0.102687,0.134236
0.0232383,0.0116758,-0.00771923,0.201863,0.0480061,0.147872
0.023743,0.0116727,-0.00771923,0.189351,0.048329,0.129924
0.0232401,0.0111747,-0.00771923,0.197398,0.011379,0.152281
0.0237458,0.0111713,-0.00771923,0.188393,0.0142942,0.134582
0.0232368,0.012177,-0.00771923,0.211319,0.079328,0.133575
0.0237401,0.0121748,-0.00771923,0.196611,0.0784759,0.117167
0.0237378,0.0126772,-0.00771923,0.200077,0.102326,0.10023
0.0227348,0.0121784,-0.00771923,0.216946,0.0760757,0.154868
0.0222333,0.0126796,-0.00771923,0.220836,0.0977656,0.161765
0.0222336,0.0121792,-0.00771923,0.211564,0.0689702,0.182026
0.0222341,0.0116788,-0.00771923,0.199504,0.035333,0.196126
0.0227356,0.0116777,-0.00771923,0.206338,0.0436609,0.169798
0.0227368,0.0111768,-0.00771923,0.199987,0.00543236,0.173843
0.0222348,0.0111782,-0.00771923,0.192981,-0.0037624,0.199534
0.0242553,0.011166,-0.00771923,0.173079,0.0142663,0.121559
0.0247695,0.0111605,-0.00771923,0.156678,0.0113921,0.112612
0.0252746,0.0116725,-0.00771923,0.128733,0.0313868,0.102431
0.0202441,0.0066651,-0.00771923,0.0796569,-0.221966,0.0736471
0.01974,0.00667046,-0.00771923,0.0793422,-0.231876,0.0791537
0.0202406,0.00717038,-0.00771923,0.0843503,-0.234945,0.0860043
0.0197372,0.007174,-0.00771923,0.0826479,-0.242698,0.0933716
0.0142304,0.0111782,-0.00771923,-0.228509,0.00720485,0.169732
0.0137284,0.0111768,-0.00771923,-0.236299,0.0142259,0.137828
0.0142311,0.0116788,-0.00771923,-0.231207,0.0301901,0.168983
0.0137296,0.0116777,-0.00771923,-0.238078,0.0344511,0.138657
0.0142316,0.0121792,-0.00771923,-0.235407,0.0534694,0.162815
0.0137304,0.0121784,-0.00771923,-0.240217,0.0549486,0.133624
0.0142319,0.0126796,-0.00771923,-0.236099,0.0779109,0.151226
0.0137309,0.0126791,-0.00771923,-0.237678,0.0760993,0.123317
0.014232,0.0131799,-0.00771923,-0.241625,0.0975506,0.12996
0.0137312,0.0131798,-0.00771923,-0.240335,0.0935885,0.108368
0.0132299,0.0131798,-0.00771923,-0.230828,0.0869984,0.0932548
0.0132295,0.0126784,-0.00771923,-0.230927,0.072492,0.103149
0.013731,0.0136805,-0.00771923,-0.244717,0.10375,0.0904096
0.0132297,0.0136812,-0.00771923,-0.23485,0.0969434,0.0823999
0.0132288,0.0141825,-0.00771923,-0.236936,0.0970814,0.0761631
0.0137307,0.0141812,-0.00771923,-0.246126,0.102426,0.0811292
0.0142319,0.0136802,-0.00771923,-0.248064,0.107663,0.10456
0.0142317,0.0141805,-0.00771923,-0.250059,0.105386,0.092208
0.0127277,0.0136822,-0.00771923,-0.218284,0.08762,0.0785699
0.0127284,0.0131797,-0.00771923,-0.214457,0.0792709,0.0839366
0.0127274,0.0126773,-0.00771923,-0.217054,0.0685394,0.0896344
0.0127222,0.0116727,-0.00771923,-0.223838,0.0413354,0.0985223
0.0132268,0.0116758,-0.00771923,-0.234961,0.0376562,0.115718
0.0127194,0.0111714,-0.00771923,-0.223264,0.0280257,0.0975413
0.0132251,0.0111748,-0.00771923,-0.233591,0.0204711,0.114148
0.0127251,0.0121748,-0.00771923,-0.224077,0.0554278,0.0961001
0.0132284,0.012177,-0.00771923,-0.236032,0.0551966,0.111911
0.0122262,0.0131797,-0.00771923,-0.193829,0.0716572,0.0790207
0.0122246,0.0126763,-0.00771923,-0.198085,0.0642629,0.0822693
0.0122208,0.0121725,-0.00771923,-0.206064,0.0551809,0.0866332
0.0122154,0.0116687,-0.00771923,-0.207008,0.0445251,0.0880056
0.0122099,0.0111661,-0.00771923,-0.207198,0.0352522,0.0872104
0.0152325,0.0121798,-0.00771923,-0.192996,0.0398923,0.213875
0.0152323,0.0116797,-0.00771923,-0.184557,0.0135165,0.219942
0.0147322,0.0121796,-0.00771923,-0.219404,0.0487809,0.188849
0.0147319,0.0116794,-0.00771923,-0.212953,0.0236991,0.195667
0.0142293,0.0106773,-0.00771923,-0.221377,-0.0133605,0.168741
0.0137265,0.0106753,-0.00771923,-0.229298,-0.00196279,0.135401
0.0162318,0.009679,-0.00771923,-0.0856778,-0.117705,0.224382
0.0157312,0.00967841,-0.00771923,-0.116184,-0.10614,0.22558
0.0162322,0.0101795,-0.00771923,-0.0946434,-0.0890388,0.229746
0.0157319,0.0101792,-0.00771923,-0.127859,-0.0783995,0.231883
0.0162324,0.0106797,-0.00771923,-0.101975,-0.0612739,0.232746
0.0157323,0.0106796,-0.00771923,-0.136757,-0.0509331,0.23519
0.0162325,0.0111798,-0.00771923,-0.108866,-0.0345354,0.231425
0.0157324,0.0111797,-0.00771923,-0.14432,-0.0238103,0.233379
0.0152322,0.0111795,-0.00771923,-0.180111,-0.0124836,0.22293
0.0152319,0.0106793,-0.00771923,-0.172001,-0.0387036,0.224693
0.0152314,0.0101787,-0.00771923,-0.161743,-0.0641119,0.22203
0.0147316,0.011179,-0.00771923,-0.209239,-0.00127389,0.198088
0.014731,0.0106785,-0.00771923,-0.201493,-0.0252483,0.198754
0.014228,0.0101761,-0.00771923,-0.210485,-0.031375,0.170663
0.0147302,0.0101778,-0.00771923,-0.190419,-0.047166,0.198886
0.014729,0.00967647,-0.00771923,-0.174384,-0.0711296,0.19726
0.0142264,0.0096746,-0.00771923,-0.19429,-0.0513968,0.171169
0.0212601,0.00664146,-0.00771923,0.0782164,-0.188421,0.0687926
0.0217484,0.00816213,-0.00771923,0.110327,-0.196537,0.113134
0.021757,0.00765311,-0.00771923,0.0992735,-0.19808,0.0899041
0.0222668,0.00764342,-0.00771923,0.100988,-0.178214,0.0852134
0.0222527,0.00815748,-0.00771923,0.115141,-0.17968,0.107308
0.0212538,0.00715451,-0.00771923,0.0873886,-0.206794,0.0779748
0.019233,0.00917945,-0.00771923,0.0626668,-0.185957,0.208487
0.0197335,0.00917897,-0.00771923,0.0794397,-0.190946,0.197265
0.0192333,0.00867907,-0.00771923,0.0700959,-0.215635,0.184436
0.019734,0.0086783,-0.00771923,0.0844153,-0.218993,0.167787
0.0192336,0.00817848,-0.00771923,0.0743018,-0.236232,0.160591
0.0197347,0.0081774,-0.00771923,0.0868324,-0.237073,0.141383
0.0202353,0.00867702,-0.00771923,0.0936147,-0.216726,0.159202
0.0202364,0.00817568,-0.00771923,0.0930256,-0.232686,0.131428
0.0187329,0.00867942,-0.00771923,0.0503513,-0.210107,0.198534
0.018733,0.00817902,-0.00771923,0.056082,-0.233393,0.176182
0.0182326,0.00817921,-0.00771923,0.0332451,-0.229716,0.185441
0.0182326,0.00867955,-0.00771923,0.0268674,-0.204861,0.205334
0.0207447,0.00716521,-0.00771923,0.0862561,-0.223193,0.0822494
0.020238,0.00767368,-0.00771923,0.0894111,-0.239406,0.105135
0.02075,0.00665565,-0.00771923,0.0797152,-0.207455,0.0717935
0.0131852,0.0076332,-0.00771923,-0.108904,-0.0668079,0.112996
0.0132004,0.0081496,-0.00771923,-0.129987,-0.0553839,0.122893
0.0187331,0.00767822,-0.00771923,0.0597065,-0.24679,0.146001
0.019234,0.00767751,-0.00771923,0.0755008,-0.247479,0.131319
0.0187336,0.00717708,-0.00771923,0.0612421,-0.247845,0.120373
0.0192349,0.00717614,-0.00771923,0.0745088,-0.246715,0.107831
0.0197356,0.007676,-0.00771923,0.08566,-0.245455,0.113814
0.0182326,0.00767845,-0.00771923,0.0384307,-0.244957,0.157057
0.0182326,0.00717739,-0.00771923,0.042059,-0.247974,0.131855
0.0192378,0.00667326,-0.00771923,0.0726125,-0.237363,0.0891693
0.0187357,0.00667524,-0.00771923,0.0616455,-0.240421,0.0983102
0.0167312,0.0086783,-0.00771923,-0.0454659,-0.183196,0.199165
0.0172319,0.00867907,-0.00771923,-0.0230633,-0.191534,0.205031
0.0167305,0.0081774,-0.00771923,-0.0381759,-0.206797,0.180385
0.0172316,0.00817848,-0.00771923,-0.0166327,-0.216526,0.186932
0.0167317,0.00917897,-0.00771923,-0.0527657,-0.154869,0.214373
0.0172322,0.00917945,-0.00771923,-0.029302,-0.161297,0.218904
0.0167321,0.00967941,-0.00771923,-0.0594501,-0.125085,0.222789
0.0172324,0.00967966,-0.00771923,-0.0350011,-0.129472,0.225512
0.0167324,0.0101797,-0.00771923,-0.0661251,-0.0955471,0.227336
0.0172325,0.0101798,-0.00771923,-0.0404369,-0.0984166,0.227671
0.0177325,0.00967978,-0.00771923,-0.0113333,-0.131728,0.2277
0.0177326,0.0101799,-0.00771923,-0.0166777,-0.0992876,0.227852
0.0177324,0.00917966,-0.00771923,-0.00501166,-0.165513,0.222344
0.0182326,0.00917974,-0.00771923,0.0186511,-0.173015,0.220813
0.0182326,0.00967983,-0.00771923,0.0112173,-0.13745,0.227496
0.016231,0.00917818,-0.00771923,-0.0765764,-0.146488,0.214274
0.0157299,0.00917701,-0.00771923,-0.103515,-0.13359,0.21444
0.0152304,0.00967763,-0.00771923,-0.147417,-0.0904644,0.217018
0.0142244,0.00917215,-0.00771923,-0.173623,-0.0706954,0.168518
0.0142204,0.00866688,-0.00771923,-0.147469,-0.0900837,0.162292
0.0142125,0.00815749,-0.00771923,-0.122614,-0.107044,0.152083
0.0182323,0.00566612,-0.00771923,0.0432028,-0.186256,0.0809875
0.0177244,0.00616429,-0.00771923,0.0308297,-0.213806,0.0931839
0.0182325,0.00616826,-0.00771923,0.045581,-0.217026,0.0890122
0.0177294,0.00667524,-0.00771923,0.0263215,-0.238167,0.114399
0.0182326,0.00667615,-0.00771923,0.0450957,-0.242622,0.108644
0.0177315,0.00717708,-0.00771923,0.0204243,-0.242606,0.138867
0.0177321,0.00767822,-0.00771923,0.0146508,-0.238194,0.164237
0.0177322,0.00817902,-0.00771923,0.00818408,-0.22173,0.191394
0.0177323,0.00867942,-0.00771923,0.00184225,-0.196634,0.209507
0.0187328,0.00917966,-0.00771923,0.0419691,-0.178882,0.218172
0.0162299,0.00867702,-0.00771923,-0.06644,-0.173065,0.198056
0.0162288,0.00817568,-0.00771923,-0.0566734,-0.195585,0.178303
0.0162272,0.00767368,-0.00771923,-0.0450259,-0.210247,0.152011
0.0167296,0.007676,-0.00771923,-0.0293966,-0.222281,0.154805
0.0172312,0.00767752,-0.00771923,-0.00915182,-0.232839,0.161048
0.0172303,0.00717614,-0.00771923,-0.00161782,-0.237507,0.136891
0.016728,0.007174,-0.00771923,-0.0198496,-0.226858,0.131987
0.0162246,0.00717039,-0.00771923,-0.0326327,-0.214419,0.12944
0.015724,0.00767026,-0.00771923,-0.0607114,-0.193989,0.150126
0.0157205,0.00716521,-0.00771923,-0.0456247,-0.197236,0.127578
0.0157259,0.00817253,-0.00771923,-0.0758915,-0.179768,0.176247
0.015728,0.0086749,-0.00771923,-0.0894251,-0.158614,0.197079
0.0152114,0.00715452,-0.00771923,-0.0556888,-0.175652,0.127279
0.0167197,0.00615503,-0.00771923,0.00221212,-0.200616,0.0910781
0.0172202,0.0061578,-0.00771923,0.0149204,-0.210063,0.0929333
0.0167251,0.00667047,-0.00771923,-0.00902652,-0.222896,0.111121
0.0172273,0.00667327,-0.00771923,0.00680852,-0.233694,0.113998
0.0187406,0.00616427,-0.00771923,0.0582928,-0.212122,0.0811305
0.0192448,0.00615776,-0.00771923,0.0662948,-0.207605,0.0742366
0.0197453,0.00615498,-0.00771923,0.0707748,-0.202113,0.0673416
0.0202464,0.00615171,-0.00771923,0.0698781,-0.191193,0.0637821
0.020755,0.00613454,-0.00771923,0.0687421,-0.174391,0.0626838
0.0187472,0.00564845,-0.00771923,0.054147,-0.178795,0.0745225
0.0162211,0.00666512,-0.00771923,-0.0197339,-0.210255,0.109648
0.0157152,0.00665566,-0.00771923,-0.031431,-0.191495,0.108517
0.0162187,0.00615175,-0.00771923,-0.00647975,-0.18797,0.0903984
0.0152051,0.00664147,-0.00771923,-0.0398642,-0.168512,0.107751
0.0157101,0.00613458,-0.00771923,-0.01758,-0.167406,0.0894534
0.0146969,0.00713734,-0.00771923,-0.0678705,-0.150298,0.126483
0.0141984,0.00764342,-0.00771923,-0.09977,-0.122212,0.139728
0.0141751,0.00711311,-0.00771923,-0.0778387,-0.124135,0.119813
0.0137162,0.0086645,-0.00771923,-0.15576,-0.063557,0.142698
0.0137191,0.0091687,-0.00771923,-0.182198,-0.0451641,0.140919
0.0137087,0.00815467,-0.00771923,-0.131018,-0.0797782,0.138541
0.0136935,0.00763817,-0.00771923,-0.108221,-0.0944916,0.130293
0.0132068,0.00865828,-0.00771923,-0.153583,-0.0413823,0.126091
0.01321,0.00916197,-0.00771923,-0.17843,-0.0238337,0.120398
0.0137215,0.00967118,-0.00771923,-0.202829,-0.0298945,0.138258
0.0137241,0.0101734,-0.00771923,-0.218676,-0.0148932,0.136966
0.0132226,0.0106729,-0.00771923,-0.22665,0.00874188,0.111475
0.0127171,0.0106703,-0.00771923,-0.217875,0.0203461,0.0961255
0.0122065,0.0106655,-0.00771923,-0.202038,0.0300245,0.0866766
0.0122009,0.0101611,-0.00771923,-0.188991,0.0243038,0.0896851
0.0116886,0.0106583,-0.00771923,-0.185235,0.0351002,0.0831423
0.0116957,0.0111605,-0.00771923,-0.190536,0.0406057,0.0833462
0.0122253,0.0136829,-0.00771923,-0.196688,0.077757,0.0768993
0.0117209,0.0136823,-0.00771923,-0.174523,0.0704432,0.0781639
0.0122224,0.0141864,-0.00771923,-0.20184,0.0806242,0.0755961
0.0117182,0.0141859,-0.00771923,-0.180728,0.0732502,0.0777161
0.0122177,0.01469,-0.00771923,-0.207389,0.0813702,0.0763486
0.0117116,0.014691,-0.00771923,-0.188611,0.0754309,0.0789538
0.0122121,0.0151931,-0.00771923,-0.203818,0.078516,0.0761097
0.0117013,0.0151971,-0.00771923,-0.186475,0.0745711,0.0788466
0.0122064,0.015696,-0.00771923,-0.193021,0.0738424,0.0759055
0.0116896,0.0157027,-0.00771923,-0.175896,0.0718969,0.0783519
0.0121987,0.0162017,-0.00771923,-0.17613,0.0651749,0.0738861
0.0116719,0.0162154,-0.00771923,-0.158225,0.0662082,0.0739275
0.0121895,0.0167082,-0.00771923,-0.155275,0.053204,0.0720226
0.0111816,0.0151954,-0.00771923,-0.155541,0.0653036,0.0745456
0.0112005,0.014684,-0.00771923,-0.156384,0.0639025,0.0753607
0.0112048,0.0141805,-0.00771923,-0.148266,0.0614167,0.0741305
0.0112035,0.0136797,-0.00771923,-0.142319,0.0596143,0.0741216
0.0117213,0.0131797,-0.00771923,-0.173421,0.0665762,0.0796843
0.0112017,0.01318,-0.00771923,-0.143831,0.0590328,0.075385
0.0117066,0.0116666,-0.00771923,-0.190274,0.0474531,0.0840533
0.0117151,0.0121727,-0.00771923,-0.188167,0.055455,0.0839894
0.0117195,0.0126769,-0.00771923,-0.179382,0.0618456,0.0817116
0.0112007,0.0126799,-0.00771923,-0.15086,0.0572288,0.0765834
0.0111987,0.0121781,-0.00771923,-0.160007,0.053834,0.0774294
0.0111906,0.0116726,-0.00771923,-0.163449,0.0489404,0.0771178
0.011168,0.0111587,-0.00771923,-0.162026,0.0431523,0.0767353
0.0126915,0.00864612,-0.00771923,-0.148084,-0.0258513,0.113798
0.0126967,0.00915044,-0.00771923,-0.170842,-0.00881758,0.10878
0.0121893,0.00965082,-0.00771923,-0.169595,0.0155457,0.0920715
0.0116848,0.0101557,-0.00771923,-0.172389,0.0286729,0.0846678
0.0222388,0.00967459,-0.00771923,0.155991,-0.118361,0.182163
0.0222408,0.00917215,-0.00771923,0.143326,-0.150492,0.161082
0.0217362,0.00967647,-0.00771923,0.144003,-0.132246,0.195035
0.0217383,0.00917402,-0.00771923,0.133227,-0.164753,0.171561
0.0212348,0.00967763,-0.00771923,0.128192,-0.143814,0.205269
0.0212366,0.00917559,-0.00771923,0.120634,-0.176828,0.180138
0.021735,0.0101778,-0.00771923,0.155814,-0.094617,0.210926
0.0212338,0.0101787,-0.00771923,0.136794,-0.105977,0.222973
0.0212333,0.0106793,-0.00771923,0.144881,-0.06601,0.231912
0.0217342,0.0106785,-0.00771923,0.166065,-0.0551471,0.218956
0.0217336,0.011179,-0.00771923,0.177287,-0.0143692,0.217878
0.021233,0.0111795,-0.00771923,0.154726,-0.0263538,0.229538
0.0222372,0.0101761,-0.00771923,0.169558,-0.0813163,0.194604
0.0222359,0.0106773,-0.00771923,0.180527,-0.043646,0.199993
0.0207329,0.0106796,-0.00771923,0.119735,-0.0753042,0.236925
0.0207333,0.0101792,-0.00771923,0.114734,-0.114734,0.228299
0.0207328,0.0111797,-0.00771923,0.127786,-0.0377109,0.233798
0.0202327,0.0111798,-0.00771923,0.100148,-0.0466008,0.231538
0.0202328,0.0106797,-0.00771923,0.094059,-0.0818398,0.233903
0.020233,0.0101795,-0.00771923,0.0924219,-0.119633,0.227008
0.0197326,0.0111799,-0.00771923,0.0750211,-0.051706,0.229765
0.0197327,0.0106798,-0.00771923,0.0705686,-0.0843624,0.230899
0.0202326,0.0116799,-0.00771923,0.105091,-0.0149196,0.22992
0.0197326,0.0116799,-0.00771923,0.0791056,-0.022851,0.229589
0.0202326,0.0121799,-0.00771923,0.115298,0.0142126,0.228016
0.0197326,0.0121799,-0.00771923,0.0864618,0.0032514,0.228135
0.0202326,0.0126799,-0.00771923,0.126615,0.042304,0.226071
0.0197326,0.0126799,-0.00771923,0.0938752,0.0272029,0.228478
0.0202326,0.0131799,-0.00771923,0.143267,0.0644465,0.22278
0.0197326,0.0131799,-0.00771923,0.105486,0.0464151,0.231811
0.0192326,0.0131799,-0.00771923,0.0685109,0.0376136,0.230058
0.0192326,0.0126799,-0.00771923,0.0612323,0.019612,0.227357
0.0192326,0.0121799,-0.00771923,0.0576963,-0.00108306,0.227416
0.0187326,0.0131799,-0.00771923,0.0373302,0.0320535,0.226447
0.0187326,0.0126799,-0.00771923,0.0330505,0.0151007,0.225246
0.0187326,0.0136799,-0.00771923,0.043485,0.0502287,0.229713
0.0192326,0.0136799,-0.00771923,0.077854,0.0577263,0.234142
0.0182326,0.0136799,-0.00771923,0.00342135,0.0471436,0.226936
0.0182326,0.0131799,-0.00771923,0.00198553,0.0306083,0.223594
0.0182326,0.0126799,-0.00771923,0.00111126,0.0142819,0.22363
0.0182326,0.0121799,-0.00771923,0.000957634,-0.00368991,0.224934
0.0187326,0.0121799,-0.00771923,0.0316738,-0.00336726,0.22612
0.0182326,0.0116799,-0.00771923,0.00116247,-0.0227599,0.22602
0.0187326,0.0116799,-0.00771923,0.0298358,-0.0235276,0.227474
0.0192326,0.0116799,-0.00771923,0.053494,-0.0241651,0.229
0.0192326,0.0111799,-0.00771923,0.0504388,-0.0507461,0.229103
0.0187326,0.0111799,-0.00771923,0.028212,-0.0479536,0.228019
0.0182326,0.0111799,-0.00771923,0.00186387,-0.0459082,0.227008
0.0182326,0.0106799,-0.00771923,0.00288905,-0.0724754,0.227833
0.0187326,0.0106799,-0.00771923,0.0264677,-0.0759687,0.228652
0.0192326,0.0106799,-0.00771923,0.0474819,-0.0810719,0.22968
0.0192327,0.0101798,-0.00771923,0.0505508,-0.114535,0.227123
0.0197328,0.0101797,-0.00771923,0.071699,-0.1201,0.226105
0.0187326,0.0101799,-0.00771923,0.029504,-0.107427,0.227928
0.0182326,0.0101799,-0.00771923,0.00635101,-0.10291,0.227626
0.0192328,0.00967966,-0.00771923,0.0555112,-0.150476,0.222218
0.0187327,0.00967978,-0.00771923,0.0342524,-0.142691,0.227519
0.0197331,0.00967941,-0.00771923,0.0746472,-0.156464,0.215834
0.0202334,0.009679,-0.00771923,0.0920923,-0.156605,0.213018
0.020734,0.00967841,-0.00771923,0.110397,-0.152366,0.21068
0.0207353,0.00917701,-0.00771923,0.107081,-0.185584,0.185607
0.0202342,0.00917818,-0.00771923,0.0929984,-0.190462,0.191392
0.0222448,0.00866688,-0.00771923,0.128905,-0.172081,0.131791
0.0217422,0.00866928,-0.00771923,0.121102,-0.187075,0.139592
0.0212396,0.0086721,-0.00771923,0.112206,-0.200481,0.146282
0.0207372,0.0086749,-0.00771923,0.10306,-0.21015,0.151689
0.0172326,0.0131799,-0.00771923,-0.0674158,0.0317017,0.229959
0.0177326,0.0131799,-0.00771923,-0.0337091,0.0278581,0.226563
0.0172326,0.0126799,-0.00771923,-0.0613877,0.0164201,0.226917
0.0177326,0.0126799,-0.00771923,-0.0311464,0.0124193,0.225002
0.0172326,0.0136799,-0.00771923,-0.0751849,0.0481209,0.233764
0.0177326,0.0136799,-0.00771923,-0.0372707,0.0437695,0.230264
0.0172326,0.0141799,-0.00771923,-0.0796559,0.0609805,0.235879
0.0177326,0.0141799,-0.00771923,-0.0372536,0.0558633,0.233774
0.0172326,0.0146799,-0.00771923,-0.0817112,0.0726487,0.236941
0.0177326,0.0146799,-0.00771923,-0.0358702,0.0678394,0.237648
0.0177326,0.0151799,-0.00771923,-0.0309378,0.0826425,0.242252
0.0172326,0.0151799,-0.00771923,-0.0789461,0.0854336,0.239175
0.0182326,0.0141799,-0.00771923,0.00659053,0.0609951,0.229599
0.0182326,0.0146799,-0.00771923,0.0105663,0.0750027,0.232984
0.0167326,0.0146799,-0.00771923,-0.131713,0.077969,0.228826
0.0167326,0.0141799,-0.00771923,-0.127354,0.0676003,0.232245
0.0167326,0.0151799,-0.00771923,-0.130687,0.0874861,0.228579
0.0162325,0.01518,-0.00771923,-0.178404,0.0907705,0.199381
0.0162326,0.0146799,-0.00771923,-0.178576,0.0852618,0.202273
0.0162326,0.0141799,-0.00771923,-0.173506,0.0785435,0.208904
0.0157324,0.0151801,-0.00771923,-0.214341,0.0940519,0.15598
0.0157325,0.01468,-0.00771923,-0.215558,0.093364,0.161269
0.0147316,0.0151808,-0.00771923,-0.241336,0.0957579,0.0964756
0.014732,0.0146804,-0.00771923,-0.2467,0.100804,0.101809
0.0142307,0.0151815,-0.00771923,-0.241362,0.0937552,0.0814729
0.0142313,0.0146809,-0.00771923,-0.248097,0.100583,0.0856011
0.0152321,0.0151804,-0.00771923,-0.233358,0.0966467,0.122469
0.0152323,0.0146801,-0.00771923,-0.236576,0.0991678,0.128823
0.0152325,0.01418,-0.00771923,-0.23379,0.100078,0.140805
0.0157325,0.0141799,-0.00771923,-0.210819,0.0912067,0.17169
0.0147322,0.0141802,-0.00771923,-0.246968,0.104445,0.111073
0.013729,0.0151827,-0.00771923,-0.236979,0.0911637,0.0746331
0.01373,0.0146818,-0.00771923,-0.244432,0.0980535,0.0773742
0.0152325,0.0136799,-0.00771923,-0.227548,0.0995751,0.154327
0.0147323,0.01368,-0.00771923,-0.243085,0.106286,0.124325
0.0157326,0.0136799,-0.00771923,-0.201916,0.0870742,0.182271
0.0162326,0.0136799,-0.00771923,-0.164198,0.0693548,0.214602
0.0167326,0.0136799,-0.00771923,-0.119426,0.054762,0.233895
0.0167326,0.0131799,-0.00771923,-0.107459,0.0390118,0.230692
0.0162326,0.0131799,-0.00771923,-0.148581,0.0559046,0.219618
0.0152325,0.0131799,-0.00771923,-0.214067,0.0887372,0.180795
0.0157326,0.0131799,-0.00771923,-0.185545,0.0756217,0.201096
0.0162326,0.0126799,-0.00771923,-0.133453,0.0387792,0.224439
0.0157326,0.0126799,-0.00771923,-0.169053,0.0556209,0.218751
0.0167326,0.0126799,-0.00771923,-0.096834,0.0237458,0.227619
0.0167326,0.0121799,-0.00771923,-0.0905535,0.00347385,0.227361
0.0172326,0.0121799,-0.00771923,-0.0583561,-0.00169181,0.226981
0.0177326,0.0121799,-0.00771923,-0.0300882,-0.0043814,0.225688
0.0177326,0.0111799,-0.00771923,-0.0245785,-0.0450754,0.227666
0.0177326,0.0116799,-0.00771923,-0.0277976,-0.0228302,0.226918
0.0172326,0.0116799,-0.00771923,-0.0540864,-0.0218712,0.228387
0.0172326,0.0111799,-0.00771923,-0.0496232,-0.0445376,0.228796
0.0162326,0.0121799,-0.00771923,-0.124104,0.0147463,0.22717
0.0167326,0.0116799,-0.00771923,-0.083537,-0.0186692,0.228872
0.0162326,0.0116799,-0.00771923,-0.114868,-0.0097692,0.229742
0.0167326,0.0111799,-0.00771923,-0.0779519,-0.0420322,0.229284
0.0157325,0.0116798,-0.00771923,-0.149689,0.00187904,0.230752
0.0157325,0.0121799,-0.00771923,-0.159288,0.0284955,0.226125
0.0152325,0.0126799,-0.00771923,-0.20047,0.0673321,0.203997
0.0147323,0.0126798,-0.00771923,-0.223645,0.0752599,0.177026
0.0177326,0.0106799,-0.00771923,-0.0208606,-0.0704912,0.228426
0.0172326,0.0106799,-0.00771923,-0.0448676,-0.0700974,0.229313
0.0167325,0.0106798,-0.00771923,-0.071838,-0.0676509,0.230116
0.0147323,0.0131799,-0.00771923,-0.233413,0.0962548,0.152575
0.0127183,0.0156895,-0.00771923,-0.206346,0.0766886,0.0734314
0.0132241,0.0156863,-0.00771923,-0.215114,0.0788914,0.0715451
0.0127207,0.015188,-0.00771923,-0.21851,0.0838282,0.0739115
0.0132261,0.0151845,-0.00771923,-0.229324,0.0876014,0.072824
0.0127142,0.0161932,-0.00771923,-0.190832,0.0659347,0.0732633
0.013221,0.0161892,-0.00771923,-0.197808,0.066992,0.0714224
0.0137254,0.0161861,-0.00771923,-0.205768,0.0716859,0.0722211
0.0137274,0.0156841,-0.00771923,-0.223108,0.0825703,0.0730604
0.0132169,0.0166932,-0.00771923,-0.17722,0.0537267,0.0723132
0.0137228,0.0166889,-0.00771923,-0.184672,0.0594242,0.072161
0.0132075,0.0172029,-0.00771923,-0.151941,0.0381285,0.0729818
0.0137172,0.0171949,-0.00771923,-0.161534,0.0453804,0.0735095
0.0142256,0.0166867,-0.00771923,-0.190066,0.0667186,0.0741122
0.014222,0.0171905,-0.00771923,-0.166412,0.0542275,0.0736196
0.0142281,0.0161841,-0.00771923,-0.211682,0.0772026,0.0765523
0.0121727,0.0172251,-0.00771923,-0.127557,0.0411173,0.0700858
0.0126943,0.0172136,-0.00771923,-0.144528,0.0387778,0.0733103
0.0127073,0.0166996,-0.00771923,-0.171271,0.05365,0.073748
0.0142296,0.0156826,-0.00771923,-0.2284,0.0860568,0.0790724
0.0132276,0.0146835,-0.00771923,-0.236474,0.0937499,0.0745143
0.0127259,0.0141845,-0.00771923,-0.221821,0.0895728,0.0748559
0.0127234,0.0146864,-0.00771923,-0.224076,0.0884159,0.0746048
0.0207342,0.0166816,-0.00771923,0.190233,0.150377,0.0915967
0.0207327,0.0116798,-0.00771923,0.133251,-0.0033261,0.231444
0.0212328,0.0116797,-0.00771923,0.160744,0.0107911,0.226905
0.0207327,0.0121799,-0.00771923,0.145272,0.0285417,0.228038
0.0212327,0.0121798,-0.00771923,0.173962,0.044161,0.219823
0.0207326,0.0126799,-0.00771923,0.158421,0.0597436,0.222028
0.0212327,0.0126799,-0.00771923,0.18683,0.0754927,0.208897
0.0212327,0.0131799,-0.00771923,0.203464,0.101221,0.187961
0.0207326,0.0131799,-0.00771923,0.177122,0.0851504,0.207197
0.0217329,0.0131799,-0.00771923,0.221514,0.112911,0.161048
0.0217329,0.0126798,-0.00771923,0.208422,0.0891433,0.185172
0.021733,0.0121796,-0.00771923,0.197133,0.0587609,0.202479
0.0217333,0.0116794,-0.00771923,0.183955,0.0246419,0.214478
0.0237685,0.00915041,-0.00771923,0.144482,-0.1013,0.119359
0.0242759,0.00965077,-0.00771923,0.148433,-0.0647947,0.115235
0.0237603,0.00965885,-0.00771923,0.160504,-0.0765634,0.133681
0.0237528,0.0101663,-0.00771923,0.173585,-0.0458728,0.137281
0.0242643,0.010161,-0.00771923,0.161333,-0.0391768,0.120398
0.0237481,0.0106703,-0.00771923,0.17952,-0.0168001,0.135081
0.0242587,0.0106654,-0.00771923,0.166528,-0.0140536,0.120799
0.0232426,0.0106729,-0.00771923,0.185884,-0.0229849,0.152402
0.0232465,0.0101697,-0.00771923,0.176999,-0.0547119,0.153788
0.0227387,0.0106753,-0.00771923,0.187242,-0.0319777,0.174093
0.0227411,0.0101733,-0.00771923,0.176897,-0.0666668,0.172808
0.0227437,0.00967117,-0.00771923,0.162675,-0.102295,0.165324
0.0227717,0.00763817,-0.00771923,0.100084,-0.155871,0.0798375
0.02328,0.00763319,-0.00771923,0.093137,-0.129176,0.0713164
0.0227565,0.00815466,-0.00771923,0.117956,-0.160567,0.0995142
0.0232648,0.00814959,-0.00771923,0.112686,-0.137676,0.0880718
0.022749,0.00866449,-0.00771923,0.133623,-0.154326,0.121558
0.0232583,0.00865826,-0.00771923,0.131448,-0.13541,0.109601
0.0227461,0.00916869,-0.00771923,0.148973,-0.133409,0.147555
0.0232552,0.00916195,-0.00771923,0.148215,-0.116449,0.134072
0.0232511,0.00966576,-0.00771923,0.162943,-0.0879818,0.149539
0.0237737,0.00864609,-0.00771923,0.124908,-0.116185,0.0961444
0.0237802,0.00813773,-0.00771923,0.103209,-0.114573,0.0764492
0.0207328,0.0151801,-0.00771923,0.211231,0.142565,0.150362
0.0207331,0.0156804,-0.00771923,0.20583,0.150144,0.125632
0.0202327,0.01518,-0.00771923,0.185908,0.139922,0.190334
0.0202326,0.0146799,-0.00771923,0.181001,0.121329,0.208483
0.0197326,0.0151799,-0.00771923,0.150165,0.132766,0.216169
0.0197326,0.0146799,-0.00771923,0.140084,0.110594,0.233988
0.0207327,0.01468,-0.00771923,0.211479,0.130281,0.167579
0.0207327,0.0141799,-0.00771923,0.205862,0.117437,0.180544
0.0202326,0.0141799,-0.00771923,0.172789,0.102894,0.215847
0.0187326,0.0141799,-0.00771923,0.0496842,0.0662028,0.232029
0.0187326,0.0146799,-0.00771923,0.0565529,0.0832719,0.23378
0.0187326,0.0151799,-0.00771923,0.0664374,0.101632,0.236563
0.0182326,0.0151799,-0.00771923,0.0174874,0.0914326,0.239312
0.0192326,0.0151799,-0.00771923,0.109333,0.118435,0.229425
0.0192326,0.0146799,-0.00771923,0.0969116,0.097425,0.237095
0.0192326,0.0156799,-0.00771923,0.120598,0.136713,0.218401
0.0187326,0.0156799,-0.00771923,0.0759161,0.120472,0.23793
0.0177326,0.0156799,-0.00771923,-0.0234297,0.10048,0.245556
0.0182326,0.0156799,-0.00771923,0.0261221,0.110536,0.243791
0.0177326,0.01618,-0.00771923,-0.0154504,0.117923,0.242376
0.0182326,0.01618,-0.00771923,0.0355803,0.129512,0.238302
0.0182326,0.0166801,-0.00771923,0.0445201,0.144663,0.224974
0.0177325,0.0166801,-0.00771923,-0.00760192,0.132573,0.23285
0.0182326,0.0171804,-0.00771923,0.050114,0.1529,0.208069
0.0177323,0.0171805,-0.00771923,-0.00137764,0.141191,0.218745
0.0182326,0.0176811,-0.00771923,0.0532461,0.155402,0.186868
0.017732,0.0176812,-0.00771923,0.00415828,0.144791,0.199327
0.0182326,0.018182,-0.00771923,0.0527967,0.150448,0.167925
0.0177313,0.0181824,-0.00771923,0.00772755,0.141926,0.179822
0.0182326,0.0186832,-0.00771923,0.0496424,0.141119,0.150267
0.0177303,0.018684,-0.00771923,0.00968858,0.134564,0.159987
0.0172281,0.018686,-0.00771923,-0.031495,0.128585,0.152751
0.0172302,0.0181832,-0.00771923,-0.0388689,0.136051,0.17062
0.0172251,0.0191899,-0.00771923,-0.0249553,0.116857,0.139573
0.0167263,0.0186885,-0.00771923,-0.0681955,0.112517,0.135967
0.0167293,0.0181844,-0.00771923,-0.0803283,0.12074,0.150255
0.0162251,0.0186907,-0.00771923,-0.0926377,0.0924902,0.117145
0.0162284,0.0181856,-0.00771923,-0.109265,0.101242,0.12614
0.0167215,0.0191953,-0.00771923,-0.0563169,0.100895,0.126262
0.0162194,0.0191999,-0.00771923,-0.0761305,0.0813821,0.111124
0.01623,0.0176832,-0.00771923,-0.125658,0.10822,0.139387
0.0167308,0.0176822,-0.00771923,-0.0920727,0.125767,0.167578
0.0172314,0.0176816,-0.00771923,-0.0464599,0.139392,0.18933
0.0172321,0.0171807,-0.00771923,-0.0540477,0.136358,0.209202
0.0167317,0.0171811,-0.00771923,-0.102751,0.124614,0.189222
0.016231,0.0171817,-0.00771923,-0.141241,0.110512,0.157877
0.01573,0.0171828,-0.00771923,-0.165775,0.0936548,0.116649
0.0157286,0.0176847,-0.00771923,-0.146097,0.0866352,0.105307
0.0157267,0.0181876,-0.00771923,-0.126148,0.0766318,0.0982767
0.0157242,0.0186925,-0.00771923,-0.106701,0.0671572,0.0961682
0.0157186,0.0192034,-0.00771923,-0.0867508,0.0573758,0.0948806
0.0152151,0.0192087,-0.00771923,-0.0820948,0.0398844,0.0874431
0.0152211,0.018696,-0.00771923,-0.10617,0.048103,0.0862964
0.0152239,0.0181905,-0.00771923,-0.128046,0.0573322,0.0839318
0.0147104,0.0192166,-0.00771923,-0.0743588,0.0316509,0.088139
0.0147154,0.0187024,-0.00771923,-0.101039,0.0363639,0.0859701
0.014195,0.0192328,-0.00771923,-0.0624636,0.0223423,0.0876414
0.0142021,0.0187151,-0.00771923,-0.0898047,0.023626,0.0850974
0.0147202,0.0181944,-0.00771923,-0.124581,0.0432188,0.0809511
0.0142107,0.0182038,-0.00771923,-0.116149,0.029996,0.0796073
0.0147259,0.0171867,-0.00771923,-0.171691,0.0664012,0.0793312
0.014728,0.0166845,-0.00771923,-0.193848,0.0771975,0.0829689
0.0142178,0.017695,-0.00771923,-0.14388,0.0425912,0.0763633
0.0147239,0.0176893,-0.00771923,-0.149374,0.0554326,0.0791046
0.0152266,0.0176867,-0.00771923,-0.151322,0.0696828,0.0861286
0.0136789,0.0187413,-0.00771923,-0.0782501,0.0185053,0.0848096
0.0217329,0.01368,-0.00771923,0.232945,0.128519,0.133681
0.021733,0.0141802,-0.00771923,0.237931,0.134237,0.118541
0.0212327,0.01418,-0.00771923,0.22641,0.127966,0.149883
0.0212327,0.0136799,-0.00771923,0.218669,0.118805,0.163876
0.0207326,0.0136799,-0.00771923,0.194733,0.103984,0.190801
0.0212329,0.0146801,-0.00771923,0.228125,0.135978,0.134319
0.0202326,0.0136799,-0.00771923,0.159949,0.0844209,0.219629
0.0197326,0.0136799,-0.00771923,0.118536,0.0673487,0.236213
0.0197326,0.0141799,-0.00771923,0.130503,0.0884717,0.237475
0.0192326,0.0141799,-0.00771923,0.0873899,0.0768129,0.237037
0.0131684,0.0182443,-0.00771923,-0.0934894,0.0173626,0.0796201
0.0136957,0.0182203,-0.00771923,-0.10877,0.0228826,0.0807702
0.0137081,0.0177044,-0.00771923,-0.139022,0.0336926,0.0773073
0.0131913,0.0177178,-0.00771923,-0.126815,0.0251925,0.075924
0.0126682,0.0177371,-0.00771923,-0.114242,0.0266732,0.0735278
0.0152285,0.0171842,-0.00771923,-0.173413,0.0798557,0.0916285
0.0162317,0.0166809,-0.00771923,-0.155004,0.109163,0.174033
0.015731,0.0166816,-0.00771923,-0.18309,0.0975106,0.12864
0.0167321,0.0166805,-0.00771923,-0.112214,0.119195,0.206758
0.0172324,0.0166802,-0.00771923,-0.0609218,0.128467,0.224641
0.0172325,0.01618,-0.00771923,-0.0674429,0.115723,0.235788
0.0162321,0.0161804,-0.00771923,-0.165597,0.104059,0.187769
0.0167324,0.0161801,-0.00771923,-0.119891,0.109795,0.220652
0.0167325,0.01568,-0.00771923,-0.125814,0.0983607,0.228158
0.0172326,0.0156799,-0.00771923,-0.0732595,0.100604,0.240771
0.0162324,0.0156801,-0.00771923,-0.173398,0.0971007,0.195979
0.0157321,0.0156804,-0.00771923,-0.207529,0.0956539,0.150481
0.0157317,0.0161808,-0.00771923,-0.196938,0.0974877,0.141452
0.0147297,0.0161827,-0.00771923,-0.213946,0.0845448,0.0885576
0.0147308,0.0156815,-0.00771923,-0.229729,0.0904306,0.0931507
0.0152299,0.0166827,-0.00771923,-0.193374,0.0881382,0.0994953
0.0152309,0.0161816,-0.00771923,-0.210722,0.0921849,0.109704
0.0152316,0.0156808,-0.00771923,-0.224038,0.094416,0.117574
0.0247766,0.0106582,-0.00771923,0.15123,-0.0144495,0.108252
0.0247804,0.0101556,-0.00771923,0.145971,-0.0345751,0.103297
0.0247955,0.00964431,-0.00771923,0.13322,-0.0539927,0.0957593
0.0217332,0.0146804,-0.00771923,0.235051,0.136919,0.104709
0.0187327,0.0166801,-0.00771923,0.0923691,0.151854,0.208842
0.0187326,0.01618,-0.00771923,0.0848323,0.1385,0.227789
0.0187329,0.0171805,-0.00771923,0.0954009,0.157916,0.188244
0.0187332,0.0176812,-0.00771923,0.0954996,0.157714,0.163678
0.0187338,0.0181824,-0.00771923,0.0914007,0.149613,0.145409
0.0187349,0.018684,-0.00771923,0.0840957,0.137672,0.131701
0.01924,0.0191899,-0.00771923,0.0963058,0.112135,0.109481
0.0192371,0.018686,-0.00771923,0.109192,0.129279,0.115219
0.0192415,0.0196944,-0.00771923,0.0840905,0.0995292,0.10929
0.0197487,0.0197058,-0.00771923,0.0971368,0.0833927,0.0999431
0.0197437,0.0191953,-0.00771923,0.11088,0.09577,0.0964248
0.0197389,0.0186885,-0.00771923,0.126763,0.11498,0.097536
0.0202401,0.0186907,-0.00771923,0.13695,0.103531,0.0860423
0.0202342,0.0171817,-0.00771923,0.175447,0.154909,0.10048
0.0197344,0.0176822,-0.00771923,0.151729,0.149198,0.110727
0.0197335,0.0171811,-0.00771923,0.160613,0.15965,0.125697
0.0197359,0.0181844,-0.00771923,0.140332,0.132798,0.100806
0.019235,0.0181832,-0.00771923,0.119849,0.144071,0.124047
0.0192338,0.0176816,-0.00771923,0.127567,0.156109,0.139541
0.0192331,0.0171807,-0.00771923,0.132056,0.160872,0.161802
0.0172235,0.0196944,-0.00771923,-0.019916,0.10721,0.131205
0.016715,0.0202273,-0.00771923,-0.0375606,0.0809208,0.108824
0.0162122,0.0197148,-0.00771923,-0.0619459,0.0739876,0.107559
0.0167163,0.0197058,-0.00771923,-0.0465641,0.0920985,0.120719
0.015205,0.0197301,-0.00771923,-0.0605358,0.0383909,0.0880221
0.0157118,0.0197194,-0.00771923,-0.0691322,0.0533086,0.0941262
0.0207335,0.0161808,-0.00771923,0.198808,0.152454,0.107076
0.0202335,0.0166809,-0.00771923,0.182632,0.16188,0.115815
0.0202331,0.0161804,-0.00771923,0.186567,0.160893,0.139248
0.0202328,0.0156801,-0.00771923,0.18794,0.153799,0.16237
0.0197327,0.01568,-0.00771923,0.159043,0.150092,0.190655
0.0197328,0.0161801,-0.00771923,0.163805,0.160476,0.168331
0.0197331,0.0166805,-0.00771923,0.165001,0.164128,0.143057
0.0192328,0.0166802,-0.00771923,0.133169,0.15971,0.180998
0.0192327,0.01618,-0.00771923,0.128467,0.150942,0.202866
0.019704,0.0209002,-0.00771923,0.0634677,0.0565555,0.0952799
0.0200971,0.0208146,-0.00771923,0.0741154,0.0528905,0.0983725
0.022814,0.0195926,-0.00771923,0.0857795,0.0314451,0.0870284
0.0231825,0.0193187,-0.00771923,0.0887448,0.0292557,0.0868245
0.0225378,0.0197769,-0.00771923,0.083276,0.0300552,0.0879911
0.0226912,0.0196733,-0.00771923,0.0875748,0.0330111,0.0880259
0.0222651,0.0199452,-0.00771923,0.0840217,0.030803,0.0884445
0.0219982,0.020089,-0.00771923,0.0843445,0.0326871,0.0909833
0.0218031,0.0201947,-0.00771923,0.0868599,0.0357584,0.0921758
0.0184143,0.0210304,-0.00771923,0.027251,0.0776264,0.103202
0.0187158,0.0210214,-0.00771923,0.0377559,0.0757079,0.102072
0.0182312,0.021036,-0.00771923,0.0206815,0.0793206,0.104499
0.0189265,0.0210018,-0.00771923,0.0439058,0.0723655,0.100765
0.0192039,0.0209768,-0.00771923,0.0529988,0.0690782,0.0989908
0.0194999,0.0209311,-0.00771923,0.0586137,0.0614913,0.0971529
0.0202946,0.0207666,-0.00771923,0.0802806,0.0522721,0.0978398
0.0203931,0.0207366,-0.00771923,0.0808629,0.050257,0.0971121
0.0207725,0.0206223,-0.00771923,0.0884755,0.0479698,0.094668
0.0210422,0.0205229,-0.00771923,0.0860305,0.0415925,0.0914392
0.0212505,0.0204451,-0.00771923,0.0824074,0.0361057,0.0904999
0.0213878,0.0203862,-0.00771923,0.0809025,0.0338829,0.0889838
0.0215948,0.0202939,-0.00771923,0.082608,0.034251,0.0923876
0.0217239,0.0202317,-0.00771923,0.0868682,0.0363991,0.0928744
0.0179304,0.0210269,-0.00771923,0.00955465,0.079506,0.104798
0.0177468,0.0210212,-0.00771923,0.00250871,0.0797053,0.105605
0.0174685,0.020996,-0.00771923,-0.00832567,0.0769146,0.102313
0.0172593,0.0209765,-0.00771923,-0.016479,0.0744023,0.100716
0.0253025,0.0167769,-0.00771923,0.0980037,0.0880086,0.0911284
0.0253321,0.0167172,-0.00771923,0.0997293,0.0905849,0.0921241
0.0253809,0.0166224,-0.00771923,0.0971404,0.0883562,0.0902274
0.0251362,0.0170684,-0.00771923,0.0882393,0.0822681,0.0871588
0.0250411,0.0172335,-0.00771923,0.0797277,0.0695105,0.0855692
0.0249524,0.0173717,-0.00771923,0.0768188,0.0626858,0.0810392
0.0248471,0.0175309,-0.00771923,0.0741785,0.0574297,0.0833162
0.0246737,0.0177769,-0.00771923,0.0733621,0.0528608,0.0829094
0.0247505,0.0176661,-0.00771923,0.0752906,0.058334,0.0842896
0.0243801,0.0181522,-0.00771923,0.0768888,0.038724,0.0837973
0.0242419,0.0183144,-0.00771923,0.077311,0.0360013,0.0849877
0.0243076,0.0182357,-0.00771923,0.0784105,0.0386375,0.0859446
0.0238837,0.0186966,-0.00771923,0.0862034,0.0293537,0.0844926
0.0237457,0.0188311,-0.00771923,0.0877331,0.0291824,0.0851517
0.0238144,0.0187628,-0.00771923,0.0884849,0.029913,0.0857689
0.023359,0.019176,-0.00771923,0.089906,0.0289724,0.0863456
0.0255741,0.016209,-0.00771923,0.0999845,0.0882614,0.0875568
0.0256418,0.0160386,-0.00771923,0.106409,0.09423,0.0886178
0.025763,0.0157296,-0.00771923,0.110125,0.0902409,0.0892328
0.0257911,0.0156429,-0.00771923,0.110746,0.0904315,0.0901388
0.0258465,0.0154788,-0.00771923,0.101807,0.0853742,0.0883118
0.0259455,0.0151523,-0.00771923,0.091422,0.0746409,0.0839306
0.025992,0.0149546,-0.00771923,0.0908423,0.0731023,0.0842695
0.0260638,0.0146548,-0.00771923,0.0892955,0.0700168,0.0842152
0.0260976,0.0144644,-0.00771923,0.0861446,0.0660618,0.085041
0.0261492,0.0141646,-0.00771923,0.0826046,0.0623892,0.0870854
0.026166,0.0140176,-0.00771923,0.0807538,0.0599358,0.0877816
0.0262038,0.013674,-0.00771923,0.0786992,0.0582115,0.0889995
0.0262101,0.0135495,-0.00771923,0.0782141,0.0560004,0.0897823
0.0262279,0.0131816,-0.00771923,0.0788899,0.0540985,0.0908946
0.0260646,0.0114503,-0.00771923,0.0948925,0.0207481,0.0926376
0.0260154,0.0112038,-0.00771923,0.0950716,0.0136023,0.091337
0.0261163,0.0117042,-0.00771923,0.0936467,0.0292092,0.0935888
0.0261614,0.0120337,-0.00771923,0.0901579,0.0366485,0.094209
0.0261843,0.0121966,-0.00771923,0.0885276,0.0417856,0.0933907
0.0262115,0.0125605,-0.00771923,0.0838206,0.0462191,0.0930927
0.0262214,0.0126888,-0.00771923,0.0822034,0.0492185,0.0921163
0.0262263,0.0130635,-0.00771923,0.0793359,0.0518778,0.0916555
0.0258986,0.0107678,-0.00771923,0.103965,-0.0027015,0.093213
0.0258672,0.0106635,-0.00771923,0.108274,-0.00596962,0.0939348
0.0258523,0.0106114,-0.00771923,0.107863,-0.00830818,0.0934991
0.0228846,0.00653383,-0.00771923,0.0713298,-0.10947,0.0796159
0.0228277,0.00649387,-0.00771923,0.070346,-0.109923,0.0792617
0.0223347,0.00617674,-0.00771923,0.0622181,-0.109225,0.0805455
0.0222392,0.00612326,-0.00771923,0.063082,-0.112627,0.0823724
0.0221087,0.00604752,-0.00771923,0.0588481,-0.109396,0.079832
0.017868,0.00505351,-0.00771923,0.036482,-0.127904,0.0882936
0.0177434,0.00505719,-0.00771923,0.0351973,-0.126914,0.0889302
0.0182317,0.00504272,-0.00771923,0.0416886,-0.131076,0.0864767
0.0213004,0.0056557,-0.00771923,0.0617646,-0.122504,0.0829615
0.0210743,0.00556709,-0.00771923,0.057335,-0.118874,0.0822523
0.0215944,0.00578854,-0.00771923,0.0645533,-0.118463,0.0808999
0.0217723,0.00586983,-0.00771923,0.0605807,-0.112043,0.0797198
0.0205003,0.00537578,-0.00771923,0.0548699,-0.121839,0.0818854
0.0202584,0.00530484,-0.00771923,0.0551418,-0.129522,0.0836974
0.020737,0.00544575,-0.00771923,0.0521335,-0.115955,0.0806487
0.0201076,0.00526993,-0.00771923,0.0552248,-0.131438,0.0850561
0.0197795,0.0051942,-0.00771923,0.0569719,-0.134514,0.0863737
0.0196871,0.0051789,-0.00771923,0.0568128,-0.13577,0.0869527
0.0192955,0.005114,-0.00771923,0.0532313,-0.132329,0.0889137
0.0190392,0.0050862,-0.00771923,0.0487905,-0.126194,0.088213
0.0183773,0.00504696,-0.00771923,0.0423283,-0.127724,0.08693
0.0187202,0.00505707,-0.00771923,0.0452398,-0.120946,0.0855639
0.0172397,0.00510725,-0.00771923,0.0232672,-0.144731,0.0942569
0.0171686,0.00511419,-0.00771923,0.0214103,-0.143896,0.0941908
0.0174247,0.00508636,-0.00771923,0.0274778,-0.135631,0.0922648
0.015728,0.00544591,-0.00771923,-0.00293479,-0.118685,0.087299
0.0153909,0.00556719,-0.00771923,-0.0143316,-0.119537,0.0885806
0.0102775,0.0138143,-0.00771923,-0.0925355,0.0514902,0.0849696
0.0103162,0.0141646,-0.00771923,-0.0938623,0.0449954,0.084819
0.0102616,0.013674,-0.00771923,-0.0908949,0.0517266,0.0850983
0.0110843,0.016622,-0.00771923,-0.112099,0.0623006,0.0876267
0.0111629,0.0167768,-0.00771923,-0.113631,0.06368,0.0877797
0.0112501,0.0169287,-0.00771923,-0.106581,0.057415,0.0861
0.0114244,0.0172334,-0.00771923,-0.0942059,0.0513749,0.0823291
0.0106188,0.0154783,-0.00771923,-0.115435,0.0531599,0.0871292
0.0107025,0.0157295,-0.00771923,-0.12336,0.0586707,0.0883232
0.0107708,0.015902,-0.00771923,-0.118173,0.0562871,0.0875128
0.0108913,0.0162089,-0.00771923,-0.112321,0.0575101,0.0873371
0.0105553,0.0152731,-0.00771923,-0.109798,0.0459805,0.083584
0.01052,0.0151523,-0.00771923,-0.105074,0.0435151,0.0839091
0.0103494,0.0143523,-0.00771923,-0.0976816,0.0461392,0.0846122
0.0104016,0.0146547,-0.00771923,-0.102417,0.0436604,0.0835441
0.0104735,0.0149548,-0.00771923,-0.104329,0.0444368,0.0839316
0.0102436,0.0133026,-0.00771923,-0.0948876,0.0578532,0.0853013
0.0102375,0.0131817,-0.00771923,-0.0955239,0.058496,0.0854658
0.0102392,0.0130634,-0.00771923,-0.0973894,0.0587852,0.0854629
0.010244,0.0126888,-0.00771923,-0.103426,0.0622293,0.0851402
0.0131536,0.00686431,-0.00771923,-0.0820882,-0.0649318,0.0996004
0.012889,0.00709284,-0.00771923,-0.0856117,-0.0528102,0.0970891
0.0123721,0.00760173,-0.00771923,-0.100326,-0.0331385,0.0911686
0.0122655,0.00772298,-0.00771923,-0.105935,-0.0283249,0.0917445
0.0121456,0.00785628,-0.00771923,-0.103138,-0.0220418,0.0910203
0.0126466,0.00732017,-0.00771923,-0.094212,-0.0429923,0.0929256
0.013502,0.00659498,-0.00771923,-0.0769681,-0.0855469,0.10012
0.0135806,0.00653401,-0.00771923,-0.0764123,-0.0907404,0.10034
0.0104904,0.0110474,-0.00771923,-0.122772,0.0503293,0.0797624
0.0104501,0.0112039,-0.00771923,-0.118023,0.0538067,0.0809634
0.0105666,0.0107684,-0.00771923,-0.129111,0.0455918,0.0854268
0.0106131,0.0106115,-0.00771923,-0.133794,0.0434335,0.0865795
0.0107433,0.0102448,-0.00771923,-0.130678,0.0368849,0.085728
0.0107827,0.0101351,-0.00771923,-0.128791,0.0355414,0.0859793
0.0108818,0.00990393,-0.00771923,-0.122192,0.0323635,0.0858006
0.0109866,0.00965782,-0.00771923,-0.115719,0.0300684,0.08344
0.0119316,0.00811735,-0.00771923,-0.106518,-0.0146373,0.0928909
0.0118222,0.00826537,-0.00771923,-0.113424,-0.0104335,0.0934602
0.0116125,0.00855286,-0.00771923,-0.12224,-0.00334709,0.0947148
0.01159,0.00858761,-0.00771923,-0.123546,-0.00181716,0.0942183
0.0115588,0.0086339,-0.00771923,-0.12227,-0.000121293,0.0932085
0.0112108,0.00922206,-0.00771923,-0.123602,0.0189698,0.087419
0.0111216,0.00938598,-0.00771923,-0.117773,0.0234521,0.0857631
0.0112717,0.0091067,-0.00771923,-0.119908,0.016248,0.0883094
0.0102708,0.0123307,-0.00771923,-0.109275,0.0631306,0.0842144
0.0102812,0.0121967,-0.00771923,-0.11187,0.0629038,0.0840349
0.0103253,0.0118737,-0.00771923,-0.115372,0.0609296,0.0820976
0.0103492,0.0117043,-0.00771923,-0.117493,0.0598009,0.0818481
0.0104012,0.0114428,-0.00771923,-0.117851,0.0557834,0.0804779
0.0165568,0.00522405,-0.00771923,0.0105839,-0.139528,0.0924036
0.0162064,0.00530502,-0.00771923,0.00488339,-0.134424,0.0887596
0.0166849,0.0051944,-0.00771923,0.0126018,-0.141317,0.0929675
0.0170788,0.00512906,-0.00771923,0.0198795,-0.142554,0.0940522
0.0151647,0.00565585,-0.00771923,-0.0228594,-0.120298,0.0903863
0.0146929,0.00586998,-0.00771923,-0.0329794,-0.107287,0.0927872
0.0143567,0.00604757,-0.00771923,-0.0432156,-0.103619,0.0941983
0.0142261,0.00612337,-0.00771923,-0.0506836,-0.105072,0.0966224
0.0141305,0.00617689,-0.00771923,-0.0528143,-0.101064,0.0964636
0.0148708,0.00578865,-0.00771923,-0.0300094,-0.114258,0.0915546
0.0159527,0.00537989,-0.00771923,0.00118197,-0.126476,0.08871
0.0136377,0.00649392,-0.00771923,-0.0738255,-0.0928325,0.0994051
0.0139135,0.00631418,-0.00771923,-0.0629916,-0.100338,0.0967887
0.0117917,0.0177769,-0.00771923,-0.0807762,0.0437282,0.0784945
0.0120851,0.0181519,-0.00771923,-0.0697081,0.0365467,0.0787284
0.0116181,0.0175306,-0.00771923,-0.0857529,0.0467625,0.0792443
0.0232744,0.019243,-0.00771923,0.0920556,0.0306117,0.0876423
0.0249064,0.00863357,-0.00771923,0.0945752,-0.0675436,0.0850474
0.0248753,0.00858742,-0.00771923,0.094844,-0.069652,0.0857607
0.0248529,0.00855278,-0.00771923,0.0936139,-0.0710717,0.084391
0.0251937,0.00910661,-0.00771923,0.0966237,-0.0507265,0.0862113
0.0247754,0.0084474,-0.00771923,0.0891879,-0.0718476,0.0822219
0.0245339,0.00811729,-0.00771923,0.0779117,-0.0752331,0.077304
0.0243196,0.007856,-0.00771923,0.0749467,-0.0784709,0.0765855
0.0240933,0.00760169,-0.00771923,0.074962,-0.0866406,0.0749222
0.0238186,0.00731994,-0.00771923,0.0706731,-0.0912129,0.0747924
0.0235764,0.00709281,-0.00771923,0.0635906,-0.0910437,0.0733208
0.0231739,0.00675689,-0.00771923,0.068068,-0.0985719,0.0767693
0.0233116,0.00686411,-0.00771923,0.0643618,-0.0922417,0.0746427
0.0140744,0.0198689,-0.00771923,-0.0398631,0.0252834,0.093344
0.0142001,0.019945,-0.00771923,-0.0401494,0.0269143,0.0957263
0.0139276,0.0197768,-0.00771923,-0.0390166,0.0255553,0.0958443
0.013283,0.0193187,-0.00771923,-0.0425744,0.0256957,0.0954113
0.0136512,0.0195924,-0.00771923,-0.0418656,0.0246823,0.0952086
0.0131063,0.0191758,-0.00771923,-0.0457291,0.025802,0.0946749
0.0129156,0.0190081,-0.00771923,-0.048934,0.0264993,0.0911467
0.0127197,0.0188311,-0.00771923,-0.0504422,0.0264273,0.0896313
0.0125815,0.0186964,-0.00771923,-0.0543818,0.0267199,0.0876872
0.0122235,0.0183144,-0.00771923,-0.0632968,0.0336581,0.0806489
0.012399,0.0185042,-0.00771923,-0.059562,0.0302028,0.0809268
0.025821,0.0105241,-0.00771923,0.10722,-0.0110998,0.0930099
0.0256827,0.010135,-0.00771923,0.107342,-0.0232325,0.090647
0.0254788,0.00965772,-0.00771923,0.0978719,-0.0328357,0.086245
0.0253437,0.00938557,-0.00771923,0.0966876,-0.0407618,0.0863722
0.0255838,0.00990415,-0.00771923,0.10338,-0.0288267,0.0888551
0.0150774,0.0203861,-0.00771923,-0.0449753,0.0355758,0.0899046
0.0152145,0.0204449,-0.00771923,-0.047126,0.0376644,0.0905967
0.0148704,0.0202938,-0.00771923,-0.0436747,0.0351879,0.0949429
0.0154229,0.0205227,-0.00771923,-0.0526052,0.0439258,0.0913607
0.0156924,0.0206221,-0.00771923,-0.0570971,0.0507969,0.0935601
0.0158039,0.0206561,-0.00771923,-0.0564005,0.0552608,0.0954089
0.01617,0.0207663,-0.00771923,-0.0494067,0.0604062,0.0981877
0.0163674,0.0208143,-0.00771923,-0.0419005,0.0611255,0.0988077
0.0166237,0.0208715,-0.00771923,-0.0320402,0.0621708,0.0964369
0.01676,0.0208999,-0.00771923,-0.0291568,0.0634679,0.0964558
0.0170305,0.020942,-0.00771923,-0.02226,0.0695139,0.0981581
0.0143854,0.020046,-0.00771923,-0.0436323,0.03205,0.096302
0.014662,0.0201946,-0.00771923,-0.0454271,0.0346191,0.0959166
0.0109698,0.0163806,-0.00771923,-0.112479,0.057517,0.0858324
